{
  "date": "2026-01-30",
  "originalTranscription": "I am standing on a battlefield at dawn, but instead of tanks there are enormous rubber ducks rolling forward on squeaking treads. Soldiers ride them seriously, shouting commands as if nothing is strange. Explosions are replaced by bursts of confetti and sprays of water, yet the ground still shakes. I move between the duck-tanks, helping reload absurd weapons that somehow matter. The scene feels tense and important despite the bright colors and softness.",
  "summary": "The dream depicts an intense battlefield rendered absurd by rubber duck tanks and playful weaponry. Humor and seriousness coexist, creating a strange but emotionally real sense of conflict without cruelty.",
  "keywords": [
    "surreal war",
    "rubber ducks",
    "battlefield",
    "absurdity",
    "conflict",
    "toy imagery",
    "tension"
  ],
  "scenes": [
    {
      "text": "The dream opens on a dawn battlefield where giant rubber ducks replace tanks, complete with treads and soldiers treating them as legitimate war machines.",
      "image": "images/2026-01-30-01.jpg"
    },
    {
      "text": "As the conflict unfolds, confetti explosions and water sprays replace violence, yet urgency remains as the dreamer assists in reloading weapons and navigating the battlefield.",
      "image": "images/2026-01-30-02.jpg"
    }
  ],
  "fragments": [
    "The squeaking sound of duck tanks moving in formation.",
    "The contrast between bright colors and serious emotions."
  ]
}