{
  "date": "2026-01-30",
  "originalTranscription": "I lift off gently into the sky and begin flying above vast clouds. Storm towers rise around me, glowing with internal lightning, while wind rushes past. Sunlight breaks through in golden sheets, illuminating rain and cloud edges. Gradually the lift fades and I begin to fall, not suddenly but slowly, surrounded by storm and wind. There is no panic, only awe, as the fall feels endless and cinematic.",
  "summary": "This dream moves from effortless flight through dramatic storm clouds into a slow, awe-filled fall. The focus is on scale, weather, and cinematic beauty rather than fear or danger.",
  "keywords": [
    "flying",
    "falling",
    "storm",
    "clouds",
    "lightning",
    "cinematic",
    "awe",
    "sky"
  ],
  "scenes": [
    {
      "text": "The dreamer flies smoothly above massive cloud formations, weaving through storm columns filled with lightning as sunlight cuts through the clouds in glowing sheets.",
      "image": "images/2026-01-30-01.jpg"
    },
    {
      "text": "The sensation of flight slowly fades, transitioning into a long fall through wind and storm, where the dreamer feels wonder instead of fear as the sky expands endlessly.",
      "image": "images/2026-01-30-02.jpg"
    }
  ],
  "fragments": [
    "The moment when lift fades but fear never arrives.",
    "Lightning flashing sideways through dense clouds."
  ]
}