{
  "date": "2026-01-30",
  "originalTranscription": "I am already running across rooftops at night. The city is wet with rain and neon lights reflect off concrete. I vault railings, slide under obstacles, and leap impossible gaps without thinking. Something unseen is chasing me, pushing me faster as the city reshapes itself into narrow corridors. Rain intensifies and steam rises as I wall-run, grab ledges at the last second, and keep moving. I am not scared, only focused and capable.",
  "summary": "The dream centers on a fast-paced nighttime parkour chase across rooftops, where an unseen pursuer drives constant motion. The emphasis is on fluid movement, heightened ability, and confidence rather than fear.",
  "keywords": [
    "parkour",
    "chase",
    "rooftops",
    "night city",
    "rain",
    "neon lights",
    "movement",
    "capability"
  ],
  "scenes": [
    {
      "text": "The dream opens mid-run on rain-slick rooftops under neon city lights, with the dreamer instinctively vaulting railings and leaping wide gaps as the environment feels alive and responsive to movement.",
      "image": "images/2026-01-30-01.jpg"
    },
    {
      "text": "As the chase continues, the city narrows into corridors and obstacles increase, but the dreamer executes wall-runs, slides, and last-second grabs effortlessly, feeling capable and focused despite the unseen pursuer.",
      "image": "images/2026-01-30-02.jpg"
    }
  ],
  "fragments": [
    "The sensation that the body knows exactly what to do without conscious thought.",
    "Rain and steam amplifying the glow of the city below."
  ]
}