{
  "date": "2026-01-30",
  "originalTranscription": "I move forward through spaces that blend together. A lush jungle surrounds me with mist, sunlight, and distant birds, every step calm and deliberate. Without transition, the jungle becomes a vast modern office-like interior of glass, polished floors, and soft white light. Plants appear indoors and water flows where it should not. The spaces feel empty but intentional, rewarding attention as I continue walking peacefully.",
  "summary": "The dream is a calm visual journey through connected but impossible environments, shifting from jungle to modern interior spaces. It emphasizes beauty, tranquility, and permission to simply exist and explore.",
  "keywords": [
    "jungle",
    "modern interior",
    "surreal spaces",
    "calm",
    "exploration",
    "light",
    "architecture",
    "transition"
  ],
  "scenes": [
    {
      "text": "The dreamer walks through a dense jungle filled with mist, sunlight, and distant sounds, feeling calm and grounded as nature surrounds every step.",
      "image": "images/2026-01-30-01.jpg"
    },
    {
      "text": "Without warning, the environment shifts into a vast, minimalist interior of glass and light, where plants and water appear in unexpected places and the dreamer continues forward in quiet exploration.",
      "image": "images/2026-01-30-02.jpg"
    }
  ],
  "fragments": [
    "Spaces that should not connect but do.",
    "The feeling of being allowed to be there."
  ]
}